Algorithm / wind field,Ours,Direct,Efficiency,Math,Queue
DDPG / D0-8,49.71,236.2,62.2,177.51,123.34
DDPG / D90-4,99.4,52.36,435.29,118.48,78.48
DDPG / D180-12,149.34,406.95,103.75,424.07,370.88
DDPG / D270-16,98.36,131.77,112.55,144.59,234.52
DDPG / D270-20,154.92,129.06,332.08,138.41,659.2
Modified PPO / D0-4,82.65,97.47,N/A,N/A,N/A
TD3 / D0-4,52.08,N/A,56.29,N/A,N/A
TD3 / D180-12,69.81,N/A,73.11,N/A,N/A
TD-MPC2 / D0-8,57.44,87.72,58.75,N/A,N/A
TD-MPC2 / D90-4,60.15,62.47,60.94,N/A,N/A
TD-MPC2 / D180-12,95.88,112.45,111.07,N/A,N/A
TD-MPC2 / D270-16,69.04,86.22,83.44,N/A,N/A
TD-MPC2 / D270-20,99.67,89.95,100.51,N/A,N/A
Average TD3 / D0-8,48.15,161.8,48.91,N/A,N/A
Average TD3 / D90-4,53.62,58.13,54.36,N/A,N/A
Average TD3 / D180-12,74.86,67.83,73.12,N/A,N/A
Average TD3 / D270-16,75.93,63.88,74.21,N/A,N/A
Average TD3 / D270-20,76.59,128.91,94.03,N/A,N/A
